{
  "roc_auc": 0.9865294322678531,
  "accuracy": 0.9633928571428572
}