{
  "roc_auc": 0.9869032100374776,
  "accuracy": 0.9616413916146298
}